{"cameraMode":{"drawMode":0,"name":"Shaded","section":"Shading Mode"},"sceneLighting":false,"audioPlay":false,"sceneViewState":{"showFog":true,"showMaterialUpdate":false,"showSkybox":false,"showFlares":true,"showImageEffects":true,"showParticleSystems":true},"in2DMode":false,"pivot":{"x":-0.05000000447034836,"y":0.10999999940395355,"z":0.4000000059604645},"rotation":{"x":0.43801024556159975,"y":-0.08152013272047043,"z":0.03992440551519394,"w":0.8943755626678467},"size":0.26860055327415469,"orthographic":false}